KODE	NAMA BAHAN	SUMBER	AIR (g)	ENERGI (Kal)	PROTEIN (g)	LEMAK (g)	KH (g)	SERAT (g)	ABU (g)	KALSIUM (mg)	FOSFOR (mg)	BESI (mg)	NATRIUM (mg)	KALIUM (mg)	TEMBAGA (mg)	SENG (mg)	RETINOL (mcg)	B-KAR (mcg)	KAR-TOTAL (mcg)	THIAMIN (mg)	RIBOFLAVIN (mg)	NIASIN (mg)	VIT-C (mg)	BDD (%)	KATEGORI	HARGA	MIKRO_TAGS
AR014	Cantel/Sorgum, mentah	DABM-1964	11.0	366	11.0	3.3	73.0	1.2	1.7	28	287	4.4	7	249.0	0.0	0.0	0	0	0	0.09	0.14	2.8	0	100	Serealia	murah	
GR048	Ikan mujahir, segar	KZGPI- 1990	79.7	89	18.7	1.0	0.0	0.0	1.1	96	209	1.5	51	265.8	0.0	0.2	6	3	5	0.03	0.1	2.0	0	80	Hewan Air Tawar	sedang	
FR016	Daging Domba, segar	DABM-1964	55.8	317	15.7	27.7	0.0	0.0	0.8	9	157	2.4	64	242.1	0.11	3.7	0	0	0	0.14	0.23	6.5	0	100	Mamalia	mahal	
FR012	Daging Bebek, segar	DABM-1964	54.3	321	16.0	28.6	0.0	0.0	1.1	15	188	1.8	54	199.0	0.21	1.2	273	0	0	0.1	0.28	4.3	0	60	Unggas	mahal	
ER031	Jambu biji	DABM-1964	86.0	49	0.9	0.3	12.2	2.4	0.6	14	28	1.1	10	52.8	0.0	0.3	0	27	25	0.02	0.03	0.8	87	82	Buah	murah	Sumber Vitamin C
DR154	Terong, segar	DABM-1964	92.7	28	1.1	0.2	5.5	2.1	0.5	15	37	0.4	9	187.0	0.1	0.1	0	46	30	0.04	0.03	0.5	5	100	Sayur	murah	
GR011	Ikan baung, segar	KZGMI-2001	74.9	123	15.1	5.5	3.3	0.0	1.2	5	146	1.3	32	349.0	0.1	0.7	0	0	0	0.2	0.03	1.2	0	0	Hewan Air Tawar	sedang	
GR012	Ikan bawal, segar	DABM- 1964	78.0	91	19.0	1.7	0.0	0.0	1.3	20	150	2.0	129	233.3	0.1	0.3	45	0	0	0.05	0.1	1.8	0	0	Hewan Laut	mahal	Sumber Vitamin D (estimasi)|Sumber Omega-3 (estimasi)
GR019	Ikan cakalang, segar	KZGMI-2001	73.0	107	19.6	0.7	5.5	0.0	1.2	23	242	2.9	66	239.0	0.2	0.6	386	0	0	0.17	0.05	21.7	0	0	Hewan Laut	mahal	Sumber Vitamin D (estimasi)|Sumber Omega-3 (estimasi)
GR057	Ikan sarden, segar	KZGMI-2001	72.7	109	19.9	1.8	3.4	0.0	2.2	95	597	1.3	266	227.0	0.3	2.0	195	0	0	0.26	0.03	4.4	0	0	Hewan Laut	mahal	Sumber Fosfor|Sumber Natrium|Sumber Vitamin D (estimasi)|Sumber Omega-3 (estimasi)
KP003	Santan (dengan air)	DABM-1964	80.0	122	2.0	10.0	7.6	1.4	0.4	25	30	0.1	9	162.4	0.2	0.4	0	0	0	0.0	0.0	0.5	2	100	Minyak/Lemak	sedang	
JR006	Susu sapi, segar	DABM-1964	88.3	61	3.2	3.5	4.3	0.0	0.7	143	60	1.7	36	149.0	0.02	0.3	39	12	0	0.03	0.18	0.2	1	100	Susu/Olahan Susu	sedang	Sumber Kalsium|Sumber Vitamin D (estimasi)
JR003	Susu kambing, segar	DABM-1964	85.9	64	4.3	2.3	6.6	0.0	0.9	98	78	2.7	35	160.0	0.33	0.1	38	0	0	0.06	0.45	0.3	1	100	Susu/Olahan Susu	mahal	Sumber Vitamin D (estimasi)
BR031	Ubi jalar putih, segar	KZGMI-2001	77.8	88	0.4	0.4	20.6	4.0	0.8	30	10	0.5	2	4.0	0.1	0.2	0	13	264	0.25	0.06	0.5	36	86	Umbi	murah	
BR028	Ubi jalar, kuning, segar	KZGMI-2001	72.6	119	0.5	0.4	25.1	4.2	1.0	30	40	0.4	3	1.0	0.1	0.2	0	794	4948	0.06	0.07	0.7	21	85	Umbi	murah	Sumber Vitamin A
BR030	Ubi jalar merah, segar	KZGPI- 1990	61.9	151	1.6	0.3	35.4	0.7	0.6	29	74	0.7	92	565.6	0.3	0.5	0	0	1208	0.13	0.08	0.7	11	86	Umbi	murah	Sumber Kalium
BR016	Ketela pohon/ singkong, segar	KZGPI- 1990	61.4	154	1.0	0.3	36.8	0.9	0.5	77	24	1.1	2	394.0	0.3	0.4	0	0	0	0.06	0.1	0.5	31	85	Umbi	murah	
BR013	Kentang, segar	KZGPI- 1990	83.4	62	2.1	0.2	13.5	0.5	0.8	63	58	0.7	7	396.0	0.4	0.3	0	0	0	0.09	0.1	1.0	21	85	Umbi	murah	Sumber Kalium
AR001	Beras giling, mentah	KZGMI-2001	12.0	357	8.4	1.7	77.1	0.2	0.8	147	81	1.8	27	71.0	0.1	0.5	0	0	0	0.2	0.08	2.6	0	100	Serealia	murah	
AR013	Beras tumbuk merah, mentah	KZGPI- 1990	14.6	352	7.3	0.9	76.2	0.8	1.0	15	257	4.2	10	202.0	0.36	1.9	0	0	0	0.34	0.0	3.3	0	100	Serealia	murah	Sumber Fosfor
AR004	Beras hitam, mentah	KZGMI-2001	12.9	351	8.0	1.3	76.9	20.1	0.9	6	198	0.1	15	105.0	0.1	1.6	0	0	0	0.21	0.06	0.0	0	100	Serealia	murah	
AR005	Beras jagung kuning, kering, mentah	KZGMI-2001	10.8	358	5.5	0.1	82.7	10.0	0.9	20	90	1.4	1	80.0	0.1	4.1	0	641	0	0.12	0.08	1.0	3	100	Serealia	murah	
AR008	Beras ketan putih tumbuk, mentah	KZGPI- 1990	12.9	361	7.4	0.8	78.4	0.4	0.5	13	157	3.4	3	282.0	0.28	2.2	0	0	0	0.28	0.0	1.4	0	100	Serealia	murah	
GR053	Ikan patin, segar	KZGMI-2001	74.4	132	17.0	6.6	1.1	0.0	0.9	31	173	1.6	77	346.0	0.7	0.8	0	7	0	0.2	0.03	1.7	0	0	Hewan Air Tawar	sedang	Sumber Vitamin D (estimasi)|Sumber Omega-3 (estimasi)
GR046	Ikan mas, segar	DABM- 1964	80.0	86	16.0	2.0	0.0	0.0	2.0	20	150	2.0	65	276.7	0.1	1.1	45	8	0	0.05	0.1	2.6	0	80	Hewan Air Tawar	sedang	
GR025	Ikan gabus, segar	KZGMI-2001	79.6	80	16.2	0.5	2.6	0.0	1.1	170	139	0.1	65	254.0	0.3	0.4	335	0	0	0.4	0.2	0.1	0	0	Hewan Air Tawar	sedang	
GR001	Belut, segar	KZGMI-2001	81.5	70	14.6	0.8	1.0	0.0	2.1	49	155	1.5	55	169.0	0.2	1.2	0	0	0	0.22	0.12	7.7	0	0	Hewan Air Tawar	mahal	Sumber Vitamin D (estimasi)|Sumber Omega-3 (estimasi)
GR082	Udang galah, segar	KZGMI-2001	79.0	81	16.5	0.3	3.0	0.0	1.2	87	167	0.7	95	132.0	0.7	1.2	0	3	0	0.24	0.03	2.9	0	68	Hewan Laut	mahal	Sumber Omega-3 (estimasi)
GR003	Cumi-cumi, segar	KZGPI- 1990	82.2	75	16.1	0.7	0.1	0.0	0.9	32	200	1.8	37	204.1	1.6	1.3	0	20	0	0.08	0.0	2.5	0	0	Hewan Laut	mahal	Sumber Omega-3 (estimasi)
GR068	Ikan teri, segar	KZGPI- 1990	80.0	74	10.3	1.4	4.1	0.0	4.2	972	253	3.9	554	126.1	305.2	0.2	13	0	28	0.24	0.1	1.9	0	100	Hewan Laut	murah	Sumber Kalsium|Sumber Fosfor|Sumber Natrium|Sumber Omega-3 (estimasi)
FR005	Daging Ayam, segar	DABM-1964	55.9	298	18.2	25.0	0.0	0.0	0.9	14	200	1.5	109	385.9	0.11	0.6	245	0	0	0.08	0.14	10.4	0	58	Unggas	murah	
FR007	Hati Ayam,  segar	KZGMS- 1993	53.4	261	27.4	16.1	1.6	0.0	1.5	118	373	15.8	1068	22.9	0.84	0.0	4957	169	28000	0.64	4.38	4.1	0	100	Unggas	murah	Sumber Zat Besi|Sumber Fosfor|Sumber Vitamin A|Sumber Natrium|Sumber Vitamin D (estimasi)
HR001	Telur ayam kampung, segar	KZGMI-2001	73.1	174	10.8	14.0	1.2	0.0	0.9	68	268	4.9	190	141.0	0.6	1.5	203	23	125	0.78	0.62	0.2	0	87	Unggas	murah	Sumber Natrium|Sumber Vitamin D (estimasi)
HR002	Telur ayam ras, segar	KZGPI-1990	74.3	154	12.4	10.8	0.7	0.0	0.8	86	258	3.0	142	118.5	0.16	1.0	61	22	104	0.12	0.38	0.2	0	89	Unggas	murah	Sumber Natrium|Sumber Vitamin D (estimasi)
HR005	Telur bebek alabio, segar	KZGMI-2001	70.0	187	11.8	14.2	3.0	0.0	1.0	60	268	6.0	115	80.0	0.6	1.7	180	437	0	1.55	0.37	0.1	0	90	Unggas	sedang	Sumber Vitamin D (estimasi)
FR024	Daging Sapi, segar	DABM-1964	60.0	273	17.5	22.0	0.0	0.0	0.5	10	150	2.6	93	267.0	0.17	6.4	12	0	0	0.08	0.18	7.3	0	100	Mamalia	mahal	Sumber Zat Besi|Sumber Seng|Sumber Natrium
FR019	Daging Kambing, segar	DABM-1964	70.3	149	16.6	9.2	0.0	0.0	3.9	11	124	1.0	96	268.7	0.31	4.9	0	0	0	0.09	0.23	5.0	0	100	Mamalia	mahal	Sumber Seng
FR031	Hati Sapi, segar	DABM-1964	69.7	132	19.7	3.2	6.0	0.0	1.4	7	358	6.6	110	213.0	0.51	2.3	13303	355	0	0.26	1.52	11.4	31	100	Mamalia	sedang	Sumber Zat Besi|Sumber Fosfor|Sumber Seng|Sumber Vitamin A|Sumber Vitamin D (estimasi)
CR017	Kacang kedelai, kering	KZGPI-1990	12.7	381	40.4	16.7	24.9	3.2	5.5	222	682	10.0	210	713.4	1.58	3.9	0	237	31	0.52	0.12	1.2	0	100	Kacang/Biji	sedang	Sumber Zat Besi|Sumber Kalsium|Sumber Fosfor|Sumber Kalium|Sumber Seng|Sumber Natrium|Sumber Vitamin E (estimasi)|Sumber Omega-3 (estimasi)
CR032	Kacang tanah, kering	KZGPI- l990	9.6	525	27.9	42.7	17.4	2.4	2.4	316	456	5.7	31	466.5	1.55	1.9	0	0	30	0.44	0.27	1.4	0	100	Kacang/Biji	sedang	Sumber Zat Besi|Sumber Kalsium|Sumber Fosfor|Sumber Vitamin E (estimasi)|Sumber Omega-3 (estimasi)
CR014	Kacang hijau, kering	KZGPI-1990	15.5	323	22.9	1.5	56.8	7.5	3.3	223	319	7.5	42	815.7	1.9	2.9	0	156	223	0.46	0.15	1.5	10	100	Kacang/Biji	murah	Sumber Zat Besi|Sumber Kalsium|Sumber Fosfor|Sumber Kalium|Sumber Seng|Sumber Vitamin E (estimasi)|Sumber Omega-3 (estimasi)
CR026	Kacang merah, kering	KZGPI- l990	17.7	314	22.1	1.1	56.2	4.0	2.9	502	429	10.3	11	1265.5	0.65	2.6	0	129	0	0.4	0.72	2.2	0	100	Kacang/Biji	murah	Sumber Zat Besi|Sumber Kalsium|Sumber Fosfor|Sumber Kalium|Sumber Seng|Sumber Vitamin E (estimasi)|Sumber Omega-3 (estimasi)
CR035	Kacang uci, kering	KZGPI- l990	9.9	358	23.4	2.4	60.6	7.4	3.7	269	264	0.5	13	1457.7	0.35	0.0	0	20	0	0.1	0.2	2.5	2	100	Kacang/Biji	murah	Sumber Kalsium|Sumber Kalium|Sumber Vitamin E (estimasi)|Sumber Omega-3 (estimasi)
CP077	Tempe kedelai murni, mentah	KZGPI- 1990	55.3	201	20.8	8.8	13.5	1.4	1.6	155	326	4.0	9	234.0	0.57	1.7	0	0	0	0.19	0.59	4.9	0	100	Kacang/Biji (Olahan)	murah	Sumber Zat Besi|Sumber Fosfor|Sumber Vitamin E (estimasi)|Sumber Omega-3 (estimasi)
CP061	Tahu, mentah	KZGPI- 1990	82.2	80	10.9	4.7	0.8	0.1	1.4	223	183	3.4	2	50.6	0.19	0.8	0	118	0	0.01	0.08	0.1	0	100	Kacang/Biji (Olahan)	murah	Sumber Kalsium|Sumber Vitamin E (estimasi)|Sumber Omega-3 (estimasi)
KR011	Minyak kelapa	DABM-1964	0.0	870	1.0	98.0	0.0	0.0	1.0	0	0	0.0	0	0.0	0.0	0.0	0	0	0	0.0	0.0	0.0	0	100	Minyak/Lemak	murah	Sumber Vitamin E (estimasi)
KR014	Minyak zaitun	DABM- 1964	0.0	884	0.0	100.0	0.0	0.0	0.0	14	0	1.2	7	0.0	0.0	0.0	0	0	0	0.0	0.0	5.0	0	100	Minyak/Lemak	mahal	Sumber Vitamin E (estimasi)
KR013	Minyak wijen	FCTEA-1972	0.1	881	0.2	99.7	0.0	0.0	0.0	10	5	0.1	2	20.0	0.0	0.0	0	0	0	0.0	0.07	0.1	0	100	Minyak/Lemak	sedang	Sumber Vitamin E (estimasi)
ER073	Pepaya, segar	DABM-1964	86.7	46	0.5	12.0	12.2	1.6	0.6	23	12	1.7	4	221.0	0.0	0.3	0	1038	365	0.04	0.06	0.4	78	75	Buah	murah	Sumber Vitamin A|Sumber Vitamin C
ER054	Mangga, segar	KZGMI-2001	86.6	52	0.7	0.0	12.3	1.6	0.2	20	16	1.0	3	140.0	0.3	0.0	0	316	0	0.03	0.01	0.3	12	65	Buah	murah	Sumber Vitamin A
ER070	Nanas, segar	KZGPI- 1990	88.9	40	0.6	0.3	9.9	0.6	0.3	22	14	0.9	18	111.0	0.0	0.1	0	17	90	0.02	0.04	0.2	22	53	Buah	murah	
ER087	Pisang mas, segar	DABM-1964	64.2	127	1.4	0.2	33.6	1.4	0.6	7	25	0.8	42	392.0	195.8	0.5	0	17	79	0.09	0.08	4.5	2	85	Buah	murah	Sumber Kalium
ER001	Alpukat, segar	DABM-1964	84.3	85	0.9	6.5	7.7	0.0	0.6	10	20	0.9	2	278.0	0.2	0.4	0	189	180	0.05	0.08	1.0	13	61	Buah	mahal	Sumber Vitamin E (estimasi)
ER071	Nangka masak pohon, segar	DABM-1964	70.0	106	1.2	0.3	27.6	3.7	2.7	20	19	0.9	2	407.0	246.6	1.4	0	149	330	0.07	0.1	1.0	7	28	Buah	murah	
ER035	Jeruk bali, segar	DABM-1964	86.3	48	0.6	0.2	12.4	0.8	0.5	23	27	0.5	21	366.1	171.3	0.1	0	33	20	0.04	0.0	0.4	43	62	Buah	mahal	Sumber Vitamin C
ER039	Jeruk manis, segar	DABM-1964	87.2	45	0.9	0.2	11.2	1.4	0.5	33	23	0.4	4	472.1	160.0	0.2	0	0	190	0.08	0.03	0.2	49	72	Buah	murah	Sumber Vitamin C
ER104	Sawo Manila, segar	DABM-1964	75.5	92	0.5	1.1	22.4	9.5	0.5	25	12	1.0	26	110.2	0.0	0.1	0	111	60	0.01	0.04	1.4	21	79	Buah	murah	
ER106	Sirsak, segar	DABM-1964	81.7	65	1.0	0.3	16.3	3.2	0.7	14	27	0.6	2	298.9	0.1	1.0	0	8	10	0.07	0.08	0.7	20	68	Buah	murah	
ER065	Markisa, segar	KZGPI- 1990	64.7	144	3.5	1.2	29.8	11.4	0.8	27	203	1.4	37	453.8	0.1	0.1	0	969	691	0.02	0.17	2.0	10	48	Buah	sedang	
ER097	Rambutan, segar	DABM-1964	80.5	69	0.9	0.1	18.1	0.8	0.4	16	16	0.5	16	104.2	0.2	0.1	0	0	0	0.0	0.07	0.5	58	40	Buah	murah	Sumber Vitamin C
ER101	Salak, segar	DABM-1964	78.0	77	0.4	0.0	20.9	0.0	0.7	28	18	4.2	0	0.0	0.1	0.2	0	4	0	0.04	0.0	0.0	2	93	Buah	murah	
ER012	Buah Naga Merah, segar	BKP	85.7	71	1.7	3.1	9.1	3.2	0.4	13	14	0.4	10	128.0	0.0	0.4	0	0	0	0.5	0.3	0.5	1	66	Buah	sedang	
ER052	Lemon, segar	KZGMI-2001	92.2	34	0.5	0.8	6.2	0.1	0.3	23	20	0.3	31	140.0	0.1	0.2	0	0	0	0.09	0.12	0.3	50	100	Buah	mahal	Sumber Vitamin C
ER064	Manggis, segar	DABM-1964	83.0	63	0.6	0.6	15.6	1.5	0.2	8	12	0.8	10	61.9	0.1	0.1	0	0	0	0.03	0.03	0.3	5	29	Buah	sedang	
ER003	Apel malang, segar	KZGPI- 1990	85.9	57	0.5	0.4	12.8	0.8	0.3	9	18	0.6	4	175.4	110.2	0.0	0	26	2240	0.05	0.03	0.1	5	88	Buah	sedang	
DR038	Daun kelor, segar	KZGMI-2001	75.5	92	5.1	1.6	14.3	8.2	3.5	1077	76	6.0	61	298.0	0.1	0.6	0	3266	0	0.3	0.1	4.2	22	65	Sayur	murah	Sumber Zat Besi|Sumber Kalsium|Sumber Vitamin A|Sumber Vitamin E (estimasi)|Sumber Omega-3 (estimasi)
DR071	Daun singkong, segar	KZGPI-1990	84.4	50	6.2	1.1	7.1	2.4	1.2	166	99	1.3	17	23.1	0.1	2.0	0	3204	7052	0.04	0.1	1.8	103	87	Sayur	murah	Sumber Kalsium|Sumber Vitamin A|Sumber Vitamin C|Sumber Vitamin E (estimasi)
DR008	Bayam, segar	KZGPI-1990	94.5	16	0.9	0.4	2.9	0.7	1.3	166	76	3.5	16	456.4	0.13	0.4	0	2699	2293	0.04	0.1	1.0	41	71	Sayur	murah	Sumber Zat Besi|Sumber Kalsium|Sumber Vitamin A|Sumber Vitamin E (estimasi)|Sumber Omega-3 (estimasi)
DR044	Daun kubis, segar	KZGMI-2001	86.2	51	2.5	1.1	8.0	3.4	2.2	100	50	3.4	50	100.0	0.9	0.6	0	9999	0	0.4	0.1	0.2	16	75	Sayur	murah	
DR141	Sawi, segar	DABM-1964	92.2	28	2.3	0.3	4.0	2.5	1.2	220	38	2.9	22	436.5	0.12	0.2	0	2042	6460	0.09	0.23	0.7	102	87	Sayur	murah	Sumber Kalsium|Sumber Vitamin A|Sumber Vitamin C|Sumber Vitamin E (estimasi)|Sumber Omega-3 (estimasi)
DR123	Labu siam, segar	DABM-1964	92.3	30	0.6	0.1	6.7	6.2	0.3	14	25	0.5	3	167.1	0.16	1.0	0	48	20	0.02	0.0	0.6	18	83	Sayur	murah	
DR161	Tomat merah, segar	KZGPI-1990	92.9	24	1.3	0.5	4.7	1.5	0.6	8	77	0.6	10	164.9	0.14	0.2	0	575	2083	0.06	0.07	0.4	34	100	Sayur	murah	
DR166	Wortel, segar	KZGPI-1990	89.9	36	1.0	0.6	7.9	1.0	0.6	45	74	1.0	70	245.0	0.06	0.3	0	3784	7125	0.04	0.04	1.0	18	80	Sayur	murah	Sumber Vitamin A
DR097	Kacang panjang, segar	KZGMI-2001	91.8	31	2.3	0.1	5.3	2.7	0.5	60	64	0.6	30	213.0	0.1	0.5	0	125	0	0.7	0.1	0.3	46	92	Sayur	murah	Sumber Vitamin C|Sumber Vitamin E (estimasi)
DR013	Buncis, segar	KZGPI-1990	89.6	34	2.4	0.3	7.2	1.9	0.5	101	42	0.7	8	250.0	0.07	0.3	0	772	550	0.05	0.4	2.8	11	90	Sayur	murah	Sumber Vitamin E (estimasi)
DR113	Kool kembang	DABM-1964	91.7	25	2.4	0.2	4.9	1.6	0.8	22	72	1.1	47	187.0	0.04	0.3	0	24	90	0.11	0.09	0.6	69	57	Sayur	murah	Sumber Vitamin C